Study_Hours,Attendance,Assignment_Score,Previous_Score,Participation,Final_Score
4.37,82.1,46.19,50.14,7.37,62.89
9.56,54.21,94.15,56.72,2.37,72.07
7.59,58.08,70.32,50.62,6.19,71.52
6.39,94.93,89.59,45.32,6.46,78.92
2.4,80.32,59.2,47.24,4.82,55.83
2.4,50.46,93.73,67.65,7.63,67.65
1.52,55.07,63.35,52.38,9.41,57.96
8.8,83.18,40.65,61.86,9.33,81.99
6.41,50.25,94.32,70.21,5.06,73.07
7.37,58.04,45.48,81.42,2.02,61.22
1.19,77.44,59.16,42.36,9.86,57.55
9.73,84.59,97.0,87.96,8.55,100.0
8.49,82.6,97.04,77.67,2.12,84.82
2.91,61.21,74.41,44.91,9.29,57.18
2.64,85.61,77.91,92.41,8.83,73.72
2.65,61.86,66.91,95.25,5.67,69.18
3.74,66.27,57.59,43.66,6.32,56.27
5.72,87.32,59.72,56.61,4.59,69.66
4.89,82.48,80.35,88.37,1.49,71.65
3.62,92.46,85.14,84.9,4.02,73.72
6.51,82.88,87.49,51.07,8.23,81.52
2.26,78.42,87.38,52.56,1.04,53.08
3.63,54.68,45.47,62.23,4.0,52.77
4.3,68.39,69.67,69.07,4.58,63.26
5.1,63.26,43.45,77.1,5.84,63.38
8.07,62.2,72.97,62.13,9.28,79.76
2.8,98.65,66.49,67.75,4.12,65.2
5.63,69.65,93.26,84.85,4.12,75.43
6.33,94.6,61.05,42.2,7.64,75.9
1.42,81.56,47.02,55.15,5.07,48.68
6.47,89.74,48.58,82.8,3.02,71.74
2.53,75.13,85.69,93.71,5.07,69.49
1.59,78.85,77.09,70.7,2.27,61.36
9.54,74.63,46.07,71.93,2.59,75.21
9.69,59.76,45.05,46.43,5.49,72.96
8.28,86.12,82.06,66.84,4.77,77.87
3.74,64.04,44.37,71.96,9.23,65.55
1.88,51.22,89.31,54.55,4.26,56.44
7.16,82.27,82.37,56.15,6.23,78.03
4.96,58.86,44.88,62.64,6.69,64.52
2.1,97.02,45.09,41.2,1.12,45.14
5.46,97.7,99.2,59.32,6.97,85.27
1.31,95.74,62.46,52.69,2.6,59.54
9.18,68.51,62.24,59.65,9.65,82.0
3.33,50.77,88.77,47.19,2.34,51.86
6.96,96.42,96.83,93.43,4.73,94.35
3.81,71.41,99.16,75.62,1.77,71.82
5.68,98.33,85.2,80.75,9.97,87.32
5.92,98.18,62.58,87.35,5.52,78.77
2.66,92.65,45.01,69.91,6.36,61.69
9.73,64.72,86.63,45.22,1.6,69.13
7.98,69.25,73.5,72.23,7.75,79.41
9.46,92.56,65.45,75.21,2.89,80.09
9.05,65.85,94.38,84.73,9.08,91.71
6.38,58.47,46.67,65.9,2.85,60.81
9.3,77.84,69.56,47.65,2.72,74.06
1.8,96.81,40.68,57.03,1.33,53.79
2.76,84.8,68.12,61.78,5.25,59.2
1.41,78.5,43.38,78.76,6.08,60.36
3.93,54.86,47.13,74.25,1.59,52.49
4.5,80.75,47.05,61.37,7.98,66.22
3.44,99.5,78.95,99.19,5.08,80.46
8.46,57.0,84.76,76.35,5.72,78.03
4.21,75.92,75.0,54.23,4.97,64.97
3.53,93.87,97.73,46.11,4.61,67.84
5.88,87.04,62.49,49.17,6.04,70.38
2.27,84.85,57.14,54.76,2.4,53.36
8.22,85.12,92.12,49.64,2.64,83.84
1.67,67.97,53.42,51.19,8.76,53.31
9.88,64.68,97.79,57.11,9.52,89.1
7.95,90.47,40.73,50.4,4.36,67.36
2.79,90.51,98.19,93.81,3.44,73.05
1.05,93.35,42.59,44.81,6.8,49.82
8.34,95.66,93.47,71.47,4.68,91.3
7.36,75.57,71.66,64.62,1.23,73.79
7.56,75.08,99.58,98.94,2.41,84.25
7.94,89.91,44.43,46.72,7.44,71.04
1.67,82.5,73.23,63.87,6.93,63.92
4.23,85.1,98.16,98.17,1.24,74.08
2.04,89.79,71.39,91.93,3.0,67.74
8.77,94.5,77.76,89.02,3.08,88.24
6.61,66.9,81.74,55.47,7.05,69.45
3.98,68.78,67.27,50.25,1.18,58.12
1.57,54.7,77.65,80.12,1.94,59.51
3.8,78.91,75.06,95.76,8.2,76.59
3.93,51.8,94.07,73.41,2.61,62.05
7.57,73.28,42.73,74.3,6.87,75.64
6.74,77.13,56.86,56.8,3.14,66.93
8.98,64.33,97.02,86.17,1.89,85.59
5.25,79.54,93.42,51.22,3.19,73.96
2.08,51.53,67.34,59.42,7.5,55.58
7.42,51.87,77.21,65.53,8.7,75.11
7.85,91.13,56.64,70.46,8.47,79.28
6.05,68.01,51.29,54.54,4.57,60.32
7.94,56.35,67.82,46.89,7.01,70.79
5.44,76.11,61.2,76.64,2.84,72.61
5.7,88.5,75.02,57.32,3.64,68.05
4.85,60.79,44.66,74.87,9.07,68.63
1.23,81.14,98.46,49.26,1.12,53.55
1.97,54.27,99.17,68.87,1.77,60.04
1.28,52.58,81.89,71.96,2.87,60.62
6.73,76.57,72.17,43.11,1.24,60.97
3.83,77.03,58.57,60.2,2.63,56.14
5.58,81.87,88.83,48.06,6.25,75.39
9.17,86.3,81.08,43.8,4.79,81.17
3.24,98.79,49.76,99.4,9.03,83.38
4.69,75.82,94.66,59.34,8.36,77.3
7.8,66.15,89.35,88.59,4.08,81.68
3.06,89.76,96.99,55.28,3.33,67.12
1.69,63.54,83.54,80.89,4.42,64.67
3.61,71.95,76.8,85.61,6.31,73.91
2.45,53.92,65.09,75.74,3.41,56.73
9.37,51.27,95.96,68.29,6.62,87.75
8.27,98.13,91.96,64.71,4.68,89.55
6.7,91.8,42.71,60.93,5.97,75.34
8.84,84.8,41.58,95.77,4.93,85.08
8.23,70.45,62.59,89.84,3.65,78.74
2.68,58.66,88.63,97.9,9.54,76.72
9.03,57.82,99.24,47.46,7.87,85.8
5.85,62.51,49.03,83.85,2.26,61.77
8.27,77.46,75.65,96.3,8.82,93.83
9.06,85.73,62.85,50.87,5.39,76.53
3.86,83.01,98.19,43.99,9.05,72.49
1.99,64.0,90.53,84.47,8.2,74.13
3.05,97.74,90.3,74.47,4.83,73.19
4.84,86.89,68.12,90.51,1.2,70.11
8.36,77.72,64.89,48.39,3.42,66.75
8.75,80.59,56.4,87.72,5.87,86.62
1.06,70.98,43.38,52.1,6.7,51.07
5.6,62.39,91.88,49.82,3.32,71.57
4.76,67.8,88.77,49.86,2.25,60.51
3.0,87.89,99.98,88.87,8.51,82.22
2.08,50.72,99.8,79.91,9.86,71.86
4.04,55.8,73.33,71.38,5.73,69.12
9.49,52.3,86.14,61.53,2.55,75.06
3.91,52.04,96.69,92.63,3.45,70.64
5.67,92.77,90.98,63.55,1.17,73.22
7.33,85.18,54.84,89.0,9.23,86.64
4.27,73.71,67.03,66.35,2.06,59.3
9.75,54.89,47.75,62.62,6.19,75.29
9.66,74.58,97.24,67.76,3.47,88.71
3.27,73.67,76.37,58.08,5.99,60.23
5.48,58.66,53.72,84.86,6.86,70.81
3.71,71.69,80.3,70.16,8.47,69.66
3.56,69.93,77.09,53.93,2.86,61.45
1.33,80.79,61.49,93.97,1.1,53.02
6.49,81.75,46.81,63.03,2.23,62.6
5.52,52.27,80.29,72.61,9.1,76.02
1.46,68.73,71.22,94.39,8.87,73.97
3.51,81.29,86.34,77.45,6.38,72.78
9.17,75.16,71.21,47.01,6.4,76.49
3.16,92.82,91.13,96.39,6.99,86.48
2.3,82.93,73.11,77.66,2.58,57.06
5.41,58.15,73.66,60.09,9.23,64.85
9.87,53.53,92.6,48.36,4.77,79.4
3.18,82.12,64.21,87.64,4.45,65.88
7.05,51.33,48.04,77.2,5.67,65.76
7.85,79.29,41.73,72.01,1.42,70.03
3.14,97.01,85.31,93.63,2.5,73.76
7.55,78.77,77.22,87.32,7.64,85.46
4.31,69.41,82.24,49.1,1.75,54.31
6.69,82.16,52.78,58.7,6.43,74.0
6.7,72.91,48.18,54.91,3.21,64.81
5.82,77.28,40.87,84.64,4.5,68.71
1.81,97.07,61.04,42.01,3.6,58.5
8.52,69.31,75.4,74.19,4.2,76.13
3.89,98.06,63.53,85.75,7.47,72.05
2.68,95.27,66.25,92.61,3.67,66.93
1.37,59.79,94.25,60.52,6.1,59.05
6.32,53.47,60.9,89.28,5.28,72.8
7.1,55.04,70.84,46.64,6.97,67.87
1.15,50.91,87.02,90.79,9.43,68.93
5.61,54.72,63.79,47.65,7.59,60.08
3.04,84.15,77.33,63.84,2.93,66.1
6.81,53.56,91.74,87.84,1.28,73.11
2.57,65.95,96.97,49.0,3.36,60.93
7.22,92.24,48.82,53.76,6.36,73.87
4.48,51.16,95.6,83.34,1.46,67.19
9.43,90.72,69.53,83.2,5.47,91.05
2.24,64.09,55.49,78.47,6.37,61.15
4.07,55.91,67.55,81.64,4.01,65.25
2.02,84.84,98.8,72.56,7.94,76.83
9.32,81.45,69.56,55.11,1.96,75.47
8.9,93.87,59.73,60.74,1.68,77.23
3.32,86.75,78.0,50.9,7.55,66.7
6.94,90.17,54.41,94.51,5.46,85.87
8.35,64.1,44.55,75.0,7.2,74.31
6.0,58.87,47.73,64.05,4.91,68.1
5.77,87.53,47.68,67.72,3.22,65.98
3.18,90.34,49.11,96.84,8.37,69.9
1.84,99.53,48.33,49.2,8.19,60.06
9.07,70.63,78.45,75.17,7.25,84.67
9.1,68.6,50.91,70.35,3.45,76.5
6.7,88.82,60.74,76.69,6.31,76.69
4.05,67.04,93.81,41.09,4.25,59.63
4.14,96.54,68.44,92.33,1.82,65.57
7.53,92.92,80.05,95.93,9.26,93.7
9.07,71.45,50.34,73.91,2.23,66.13
8.98,87.54,51.54,81.8,9.55,84.79
8.02,87.73,42.45,95.35,5.01,83.73
